,count,mean,std,min,25%,50%,75%,max
latitude,1535.0,7.08751710610271,0.04217010508666438,7.019055768767344,7.057036576653886,7.080007668766487,7.102569572467949,7.206835634537494
longitude,1535.0,125.5437006238892,0.03488971069441275,125.46617793498072,125.51765862422953,125.5471404777742,125.57194962687117,125.6125237122542
building_density,1535.0,63.57785016286645,126.71427489485508,0.0,1.0,7.0,64.0,1133.0
road_distance,1535.0,110.10454323631711,109.36171886335966,1.3369121223900813,31.81673756868439,70.8267630660606,152.83152625463023,727.6806324223202
facility_distance,1535.0,1003.3184847136683,675.8457637347666,22.618660372769376,531.4222968028774,873.3022293441305,1263.6784296191436,3967.6937945845975
shoreline_distance,1535.0,5307.3221774496005,4683.314863812931,7.565819017289766,2305.6428353676865,4140.919387730015,6489.676299918231,19907.747406423932
flood_susceptibility,1535.0,0.2899022801302932,0.7608380258154441,0.0,0.0,0.0,0.0,3.0
landslide_susceptibility,1535.0,0.25602605863192185,0.6795493555066655,0.0,0.0,0.0,0.0,3.0
storm_surge_susceptibility,1535.0,0.33811074918566775,0.9104351299940855,0.0,0.0,0.0,0.0,3.0
